tempo,y_centro,v_centro,erro_l2
0.000000000000000000e+00,1.000000000000000021e-02,0.000000000000000000e+00,1.218569110023239319e-19
4.000000000000000083e-03,9.999210506973764748e-03,-3.947413188207064827e-04,4.568853115971824094e-11
8.000000000000000167e-03,9.996842152555453220e-03,-7.894203085378043421e-04,1.827400803858952926e-10
1.200000000000000025e-02,9.992895310704923498e-03,-1.183974649889156343e-03,4.111113639503956087e-10
1.600000000000000033e-02,9.987370604623001594e-03,-1.578342043294545406e-03,7.307302541773924732e-10
2.000000000000000042e-02,9.980268906653070801e-03,-1.972460218692901994e-03,1.141495796613779353e-09
2.400000000000000050e-02,9.971591338143334649e-03,-2.366266945373979736e-03,1.643278233176723563e-09
2.800000000000000058e-02,9.961339269269755409e-03,-2.759700041805123079e-03,2.235919032721423687e-09
3.200000000000000067e-02,9.949514318819709796e-03,-3.152697385448770435e-03,2.919230930446625694e-09
3.600000000000000422e-02,9.936118353936380931e-03,-3.545196922572472868e-03,3.692997970049340724e-09
4.000000000000000083e-02,9.921153489823940352e-03,-3.937136678046917158e-03,4.556975554879415538e-09
4.399999999999999745e-02,9.904622089413556499e-03,-4.328454765131444990e-03,5.510890509771593284e-09
4.800000000000000100e-02,9.886526762990297326e-03,-4.719089395245779778e-03,6.554441138178877171e-09
5.200000000000000455e-02,9.866870367780966947e-03,-5.108978887726873044e-03,7.687297303718176940e-09
5.600000000000000117e-02,9.845656007502949156e-03,-5.498061679567779053e-03,8.909100498659348190e-09
5.999999999999999778e-02,9.822887031874144581e-03,-5.886276335138083265e-03,1.021946393401573576e-08
6.400000000000000133e-02,9.798567036084044821e-03,-6.273561555885275726e-03,1.161797263316768410e-08
6.800000000000000488e-02,9.772699860226065002e-03,-6.659856190013026603e-03,1.310418352387874884e-08
7.200000000000000844e-02,9.745289588691193744e-03,-7.045099242137534828e-03,1.467762555022143929e-08
7.599999999999999811e-02,9.716340549523073272e-03,-7.429229882918359819e-03,1.633779977714175993e-08
8.000000000000000167e-02,9.685857313734610313e-03,-7.812187458663175967e-03,1.808417951785619335e-08
8.400000000000000522e-02,9.653844694586216635e-03,-8.193911500904734260e-03,1.991621044837548631e-08
8.799999999999999489e-02,9.620307746825805875e-03,-8.574341735949210508e-03,2.183331074777712083e-08
9.199999999999999845e-02,9.585251765890650741e-03,-8.953418094393044910e-03,2.383487123239582392e-08
9.600000000000000200e-02,9.548682287071244557e-03,-9.331080720607910425e-03,2.592025549837398812e-08
1.000000000000000056e-01,9.510605084637286863e-03,-9.707269982192012758e-03,2.808880007812721550e-08
1.040000000000000091e-01,9.471026170925931839e-03,-1.008192647938566805e-02,3.033981459323927037e-08
1.079999999999999988e-01,9.429951795392450473e-03,-1.045499105445065954e-02,3.267258191967567031e-08
1.120000000000000023e-01,9.387388443623446987e-03,-1.082640480101105217e-02,3.508635836134163706e-08
1.160000000000000059e-01,9.343342836312796065e-03,-1.119610907335423164e-02,3.758037382018585365e-08
1.199999999999999956e-01,9.297821928200458719e-03,-1.156404549569100410e-02,4.015383198508096003e-08
1.239999999999999991e-01,9.250832906974332942e-03,-1.193015597137347429e-02,4.280591051966879909e-08
1.280000000000000027e-01,9.202383192135329959e-03,-1.229438269206815232e-02,4.553576125533276632e-08
1.320000000000000062e-01,9.152480433825846071e-03,-1.265666814688381527e-02,4.834251039697081259e-08
1.360000000000000098e-01,9.101132511621815718e-03,-1.301695513145265451e-02,5.122525872683122959e-08
1.400000000000000133e-01,9.048347533288531377e-03,-1.337518675696256973e-02,5.418308182186868915e-08
1.440000000000000169e-01,8.994133833500448857e-03,-1.373130645913948553e-02,5.721503027091511987e-08
1.479999999999999927e-01,8.938499972525144541e-03,-1.408525800717917893e-02,6.032012990522072747e-08
1.519999999999999962e-01,8.881454734871669157e-03,-1.443698551262585957e-02,6.349738202350706887e-08
1.559999999999999998e-01,8.823007127903480240e-03,-1.478643343819686408e-02,6.674576363809007075e-08
1.600000000000000033e-01,8.763166380416194390e-03,-1.513354660655226967e-02,7.006422771112197211e-08
1.640000000000000069e-01,8.701941941180374451e-03,-1.547827020900664416e-02,7.345170340959049378e-08
1.680000000000000104e-01,8.639343477449578854e-03,-1.582054981418403936e-02,7.690709635929017977e-08
1.720000000000000140e-01,8.575380873433921178e-03,-1.616033137661216854e-02,8.042928890390603242e-08
1.759999999999999898e-01,8.510064228739358527e-03,-1.649756124525651735e-02,8.401714037365449828e-08
1.799999999999999933e-01,8.443403856772984523e-03,-1.683218617199126049e-02,8.766948736152698492e-08
1.839999999999999969e-01,8.375410283114552434e-03,-1.716415332000727906e-02,9.138514399114004891e-08
1.880000000000000004e-01,8.306094243854506010e-03,-1.749341027215490021e-02,9.516290221105214724e-08
1.920000000000000040e-01,8.235466683898760853e-03,-1.781990503922044680e-02,9.900153207676140635e-08
1.960000000000000075e-01,8.163538755240522596e-03,-1.814358606813552127e-02,1.028997820476178811e-07
2.000000000000000111e-01,8.090321815199402050e-03,-1.846440225011699784e-02,1.068563792851430662e-07
2.040000000000000147e-01,8.015827424628108391e-03,-1.878230292873738633e-02,1.108700299596397825e-07
2.080000000000000182e-01,7.940067346087006581e-03,-1.909723790792305920e-02,1.149394195596520645e-07
2.119999999999999940e-01,7.863053541986830472e-03,-1.940915745987992214e-02,1.190632132024310183e-07
2.159999999999999976e-01,7.784798172699825686e-03,-1.971801233294604230e-02,1.232400559629596745e-07
2.200000000000000011e-01,7.705313594639650980e-03,-2.002375375936762958e-02,1.274685731911993982e-07
2.240000000000000047e-01,7.624612358310317410e-03,-2.032633346300002225e-02,1.317473708453894789e-07
2.280000000000000082e-01,7.542707206324477526e-03,-2.062570366693000298e-02,1.360750358270817748e-07
2.320000000000000118e-01,7.459611071391388133e-03,-2.092181710101993428e-02,1.404501363183870131e-07
2.360000000000000153e-01,7.375337074274851065e-03,-2.121462700937147214e-02,1.448712221292893475e-07
2.399999999999999911e-01,7.289898521721466761e-03,-2.150408715770837226e-02,1.493368250457491854e-07
2.439999999999999947e-01,7.203308904359512904e-03,-2.179015184067707722e-02,1.538454591810088857e-07
2.479999999999999982e-01,7.115581894568795071e-03,-2.207277588906321822e-02,1.583956213361050154e-07
2.520000000000000018e-01,7.026731344321797239e-03,-2.235191467692362183e-02,1.629857913602779573e-07
2.560000000000000053e-01,6.936771282996474774e-03,-2.262752412863304474e-02,1.676144325190782675e-07
2.600000000000000089e-01,6.845715915161034240e-03,-2.289956072584358251e-02,1.722799918642853923e-07
2.640000000000000124e-01,6.753579618331051297e-03,-2.316798151435605843e-02,1.769809006093101823e-07
2.680000000000000160e-01,6.660376940699283196e-03,-2.343274411090234821e-02,1.817155745080890612e-07
2.720000000000000195e-01,6.566122598838528002e-03,-2.369380670983778706e-02,1.864824142386079982e-07
2.760000000000000231e-01,6.470831475377898309e-03,-2.395112808974207003e-02,1.912798057894499901e-07
2.800000000000000266e-01,6.374518616652876356e-03,-2.420466761992816698e-02,1.961061208522076380e-07
2.840000000000000302e-01,6.277199230329516544e-03,-2.445438526685786429e-02,2.009597172121649185e-07
2.880000000000000338e-01,6.178888683003178756e-03,-2.470024160046286471e-02,2.058389391504987873e-07
2.919999999999999818e-01,6.079602497772161954e-03,-2.494219780037117140e-02,2.107421178435006309e-07
2.959999999999999853e-01,5.979356351786628380e-03,-2.518021566203645228e-02,2.156675717741983326e-07
2.999999999999999889e-01,5.878166073773205200e-03,-2.541425760277038481e-02,2.206136071309275468e-07
3.039999999999999925e-01,5.776047641535648688e-03,-2.564428666767708254e-02,2.255785182256441605e-07
3.079999999999999960e-01,5.673017179431972569e-03,-2.587026653548783750e-02,2.305605879102790244e-07
3.119999999999999996e-01,5.569090955828435996e-03,-2.609216152429662608e-02,2.355580879916028055e-07
3.160000000000000031e-01,5.464285380530789320e-03,-2.630993659719401898e-02,2.405692796558042691e-07
3.200000000000000067e-01,5.358617002193189621e-03,-2.652355736779964460e-02,2.455924138911997688e-07
3.240000000000000102e-01,5.252102505705191077e-03,-2.673299010569193945e-02,2.506257319142968798e-07
3.280000000000000138e-01,5.144758709557222150e-03,-2.693820174173391924e-02,2.556674656057428819e-07
3.320000000000000173e-01,5.036602563184969412e-03,-2.713915987329480403e-02,2.607158379351290931e-07
3.360000000000000209e-01,4.927651144293087801e-03,-2.733583276936590173e-02,2.657690634052774382e-07
3.400000000000000244e-01,4.817921656158651901e-03,-2.752818937557134638e-02,2.708253484817624923e-07
3.440000000000000280e-01,4.707431424914785417e-03,-2.771619931907101653e-02,2.758828920371524150e-07
3.480000000000000315e-01,4.596197896814889494e-03,-2.789983291335679239e-02,2.809398857973948374e-07
3.519999999999999796e-01,4.484238635477902704e-03,-2.807906116294003884e-02,2.859945147776343185e-07
3.559999999999999831e-01,4.371571319115030718e-03,-2.825385576793005074e-02,2.910449577436173971e-07
3.599999999999999867e-01,4.258213737738380210e-03,-2.842418912850264504e-02,2.960893876434003500e-07
3.639999999999999902e-01,4.144183790351938478e-03,-2.859003434925821985e-02,3.011259720696342050e-07
3.679999999999999938e-01,4.029499482125347212e-03,-2.875136524346794467e-02,3.061528737131979476e-07
3.719999999999999973e-01,3.914178921550911898e-03,-2.890815633720884154e-02,3.111682508096960570e-07
3.760000000000000009e-01,3.798240317584294402e-03,-2.906038287338579690e-02,3.161702576056503526e-07
3.800000000000000044e-01,3.681701976769348461e-03,-2.920802081564073671e-02,3.211570448058159229e-07
3.840000000000000080e-01,3.564582300347540842e-03,-2.935104685214823261e-02,3.261267600442505585e-07
3.880000000000000115e-01,3.446899781352420061e-03,-2.948943839929642902e-02,3.310775483342409711e-07
3.920000000000000151e-01,3.328673001689592785e-03,-2.962317360525313498e-02,3.360075525347653736e-07
3.960000000000000187e-01,3.209920629202665018e-03,-2.975223135341605735e-02,3.409149138174953015e-07
4.000000000000000222e-01,3.090661414725616018e-03,-2.987659126574700869e-02,3.457977721217554844e-07
4.040000000000000258e-01,2.970914189122067246e-03,-2.999623370598945848e-02,3.506542666298404083e-07
4.080000000000000293e-01,2.850697860311916017e-03,-3.011113978276894546e-02,3.554825362231879325e-07
4.120000000000000329e-01,2.730031410285802245e-03,-3.022129135257602822e-02,3.602807199583031210e-07
4.160000000000000364e-01,2.608933892107878367e-03,-3.032667102263130951e-02,3.650469575257712200e-07
4.199999999999999845e-01,2.487424426907358221e-03,-3.042726215363177056e-02,3.697793897203843960e-07
4.239999999999999880e-01,2.365522200859314968e-03,-3.052304886237815554e-02,3.744761589197235033e-07
4.279999999999999916e-01,2.243246462155212492e-03,-3.061401602428289945e-02,3.791354095351394957e-07
4.319999999999999951e-01,2.120616517963640375e-03,-3.070014927575823865e-02,3.837552884909707861e-07
4.359999999999999987e-01,1.997651731381740788e-03,-3.078143501648398714e-02,3.883339456967843380e-07
4.400000000000000022e-01,1.874371518377801514e-03,-3.085786041155500620e-02,3.928695345053232338e-07
4.440000000000000058e-01,1.750795344725503220e-03,-3.092941339350786106e-02,3.973602121949911475e-07
4.480000000000000093e-01,1.626942722930301054e-03,-3.099608266422628627e-02,4.018041404246392100e-07
4.520000000000000129e-01,1.502833209148426953e-03,-3.105785769672530366e-02,4.061994857163223787e-07
4.560000000000000164e-01,1.378486400098999018e-03,-3.111472873681351767e-02,4.105444199113149771e-07
4.600000000000000200e-01,1.253921929969727166e-03,-3.116668680463320629e-02,4.148371206432593288e-07
4.640000000000000235e-01,1.129159467316700766e-03,-3.121372369607814529e-02,4.190757718096395956e-07
4.680000000000000271e-01,1.004218711958752234e-03,-3.125583198408890540e-02,4.232585640277758234e-07
4.720000000000000306e-01,8.791193918668832727e-04,-3.129300501982548027e-02,4.273836951125990702e-07
4.760000000000000342e-01,7.538812600492463250e-04,-3.132523693371719320e-02,4.314493705294571142e-07
4.799999999999999822e-01,6.285240914321724767e-04,-3.135252263638958758e-02,4.354538038683752952e-07
4.839999999999999858e-01,5.030676797377381555e-04,-3.137485781946815211e-02,4.393952173028639801e-07
4.879999999999999893e-01,3.775318343583635014e-04,-3.139223895625865152e-02,4.432718420461800606e-07
4.919999999999999929e-01,2.519363772289362610e-04,-3.140466330230401448e-02,4.470819188229312862e-07
4.959999999999999964e-01,1.263011396969555779e-04,-3.141212889581754958e-02,4.508236983155544785e-07
5.000000000000000000e-01,6.459593911898285634e-07,-3.141463455799259341e-02,4.544954416340558095e-07
5.040000000000000036e-01,-1.250093229106566373e-04,-3.141217989318856318e-02,4.580954207610925759e-07
5.080000000000000071e-01,-2.506448664147740805e-04,-3.140476528899343450e-02,4.616219190107676416e-07
5.120000000000000107e-01,-3.762408334440804766e-04,-3.139239191616265828e-02,4.650732314857692551e-07
5.160000000000000142e-01,-5.017773925705633136e-04,-3.137506172843439883e-02,4.684476655167559970e-07
5.200000000000000178e-01,-6.272347217466347396e-04,-3.135277746222113471e-02,4.717435411236873457e-07
5.240000000000000213e-01,-7.525930114350059055e-04,-3.132554263617757379e-02,4.749591914493104164e-07
5.280000000000000249e-01,-8.778324677365858392e-04,-3.129336155064497277e-02,4.780929632163985114e-07
5.320000000000000284e-01,-1.002933315515909963e-03,-3.125623928697198600e-02,4.811432171580974312e-07
5.360000000000000320e-01,-1.127875801523606789e-03,-3.121418170671229689e-02,4.841083284629948611e-07
5.400000000000000355e-01,-1.252640197515407419e-03,-3.116719545069903535e-02,4.869866872161671967e-07
5.440000000000000391e-01,-1.377206803367206920e-03,-3.111528793799624160e-02,4.897766988228118501e-07
5.480000000000000426e-01,-1.501555950185687197e-03,-3.105846736472765712e-02,4.924767844533624279e-07
5.520000000000000462e-01,-1.625668003414007610e-03,-3.099674270278252042e-02,4.950853814590368481e-07
5.560000000000000497e-01,-1.749523365932075013e-03,-3.093012369839896053e-02,4.976009438110205359e-07
5.600000000000000533e-01,-1.873102481150902294e-03,-3.085862087062508918e-02,5.000219425123653101e-07
5.640000000000000568e-01,-1.996385836100565778e-03,-3.078224550965778100e-02,5.023468660236949082e-07
5.680000000000000604e-01,-2.119353964511276871e-03,-3.070100967506001963e-02,5.045742206834708649e-07
5.720000000000000639e-01,-2.241987449887076350e-03,-3.061492619385663624e-02,5.067025311125545061e-07
5.760000000000000675e-01,-2.364266928571673830e-03,-3.052400865850912748e-02,5.087303406352691443e-07
5.799999999999999600e-01,-2.486173092805941259e-03,-3.042827142476942082e-02,5.106562116741173265e-07
5.839999999999999636e-01,-2.607686693776580574e-03,-3.032772960941316001e-02,5.124787261685847339e-07
5.879999999999999671e-01,-2.728788544655486297e-03,-3.022239908785287477e-02,5.141964859622352976e-07
5.919999999999999707e-01,-2.849459523629318657e-03,-3.011229649163111102e-02,5.158081132017200446e-07
5.959999999999999742e-01,-2.969680576918810617e-03,-2.999743920579438228e-02,5.173122507304142722e-07
5.999999999999999778e-01,-3.089432721787334357e-03,-2.987784536614786213e-02,5.187075624807070937e-07
6.039999999999999813e-01,-3.208697049538246273e-03,-2.975353385639190051e-02,5.199927338498367327e-07
6.079999999999999849e-01,-3.327454728500545134e-03,-2.962452430514038101e-02,5.211664720897803188e-07
6.119999999999999885e-01,-3.445687007002366364e-03,-2.949083708282143265e-02,5.222275066737937364e-07
6.159999999999999920e-01,-3.563375216331845369e-03,-2.935249329846105482e-02,5.231745896784056969e-07
6.199999999999999956e-01,-3.680500773684881530e-03,-2.920951479634991202e-02,5.240064961418816581e-07
6.239999999999999991e-01,-3.797045185099336227e-03,-2.906192415259421444e-02,5.247220244318818632e-07
6.280000000000000027e-01,-3.912990048375204755e-03,-2.890974467155071892e-02,5.253199966080991211e-07
6.320000000000000062e-01,-4.028317055980296796e-03,-2.875300038214725559e-02,5.257992587661951585e-07
6.360000000000000098e-01,-4.143007997940971812e-03,-2.859171603408835680e-02,5.261586813989791742e-07
6.400000000000000133e-01,-4.257044764717464458e-03,-2.842591709394748714e-02,5.263971597315012727e-07
6.440000000000000169e-01,-4.370409350063360690e-03,-2.825562974114606898e-02,5.265136140642527446e-07
6.480000000000000204e-01,-4.483083853868754902e-03,-2.808088086381959475e-02,5.265069901155590186e-07
6.520000000000000240e-01,-4.595050484986655699e-03,-2.790169805457216878e-02,5.263762593387203373e-07
6.560000000000000275e-01,-4.706291564042182352e-03,-2.771810960611950300e-02,5.261204192547543572e-07
6.600000000000000311e-01,-4.816789526224111301e-03,-2.753014450682160150e-02,5.257384937710553434e-07
6.640000000000000346e-01,-4.926526924058338176e-03,-2.733783243610552263e-02,5.252295334934617533e-07
6.680000000000000382e-01,-5.035486430162808627e-03,-2.714120375977884664e-02,5.245926160453613948e-07
6.720000000000000417e-01,-5.143650839983486024e-03,-2.694028952523514972e-02,5.238268463569079665e-07
6.760000000000000453e-01,-5.251003074510927557e-03,-2.673512145655174491e-02,5.229313569726904241e-07
6.800000000000000488e-01,-5.357526182977035908e-03,-2.652573194948052229e-02,5.219053083444953069e-07
6.840000000000000524e-01,-5.463203345531563240e-03,-2.631215406633279769e-02,5.207478891123000713e-07
6.880000000000000560e-01,-5.568017875897942476e-03,-2.609442153075857557e-02,5.194583164018045310e-07
6.920000000000000595e-01,-5.671953224008025214e-03,-2.587256872242148231e-02,5.180358360793145056e-07
6.960000000000000631e-01,-5.774992978615315145e-03,-2.564663067157050072e-02,5.164797230361820489e-07
7.000000000000000666e-01,-5.877120869886280630e-03,-2.541664305350856481e-02,5.147892814482342765e-07
7.039999999999999591e-01,-5.978320771969338789e-03,-2.518264218295974272e-02,5.129638450389025625e-07
7.079999999999999627e-01,-6.078576705541104304e-03,-2.494466500833507350e-02,5.110027773300461479e-07
7.119999999999999662e-01,-6.177872840329503949e-03,-2.470274910589854642e-02,5.089054718804269609e-07
7.159999999999999698e-01,-6.276193497613353524e-03,-2.445693267383381234e-02,5.066713525358453286e-07
7.199999999999999734e-01,-6.373523152698006879e-03,-2.420725452621269591e-02,5.042998736622307384e-07
7.239999999999999769e-01,-6.469846437366682385e-03,-2.395375408686644184e-02,5.017905203654463588e-07
7.279999999999999805e-01,-6.565148142307083469e-03,-2.369647138316078108e-02,4.991428087310488084e-07
7.319999999999999840e-01,-6.659413219512928112e-03,-2.343544703967576082e-02,4.963562860163546772e-07
7.359999999999999876e-01,-6.752626784660006529e-03,-2.317072227179114638e-02,4.934305308754761106e-07
7.399999999999999911e-01,-6.844774119456397549e-03,-2.290233887917841882e-02,4.903651535587635045e-07
7.439999999999999947e-01,-6.935840673966463775e-03,-2.263033923920090146e-02,4.871597961019579156e-07
7.479999999999999982e-01,-7.025812068908268183e-03,-2.235476630022249084e-02,4.838141325313542989e-07
7.520000000000000018e-01,-7.114674097924042658e-03,-2.207566357482582814e-02,4.803278690271914114e-07
7.560000000000000053e-01,-7.202412729823351109e-03,-2.179307513294220441e-02,4.767007441117579763e-07
7.600000000000000089e-01,-7.289014110798595902e-03,-2.150704559489248491e-02,4.729325288156092943e-07
7.640000000000000124e-01,-7.374464566612513698e-03,-2.121762012434158864e-02,4.690230268465400987e-07
7.680000000000000160e-01,-7.458750604757318110e-03,-2.092484442116743920e-02,4.649720747329239177e-07
7.720000000000000195e-01,-7.541858916585149168e-03,-2.062876471424525057e-02,4.607795419833933437e-07
7.760000000000000231e-01,-7.623776379409488713e-03,-2.032942775414775874e-02,4.564453312245526082e-07
7.800000000000000266e-01,-7.704490058577216464e-03,-2.002688080576343552e-02,4.519693783355862582e-07
7.840000000000000302e-01,-7.783987209510970229e-03,-1.972117164083345142e-02,4.473516525841047646e-07
7.880000000000000338e-01,-7.862255279721501455e-03,-1.941234853040878228e-02,4.425921567367622612e-07
7.920000000000000373e-01,-7.939281910789693086e-03,-1.910046023722788630e-02,4.376909271783044305e-07
7.960000000000000409e-01,-8.015054940317938720e-03,-1.878555600801711314e-02,4.326480340211445512e-07
8.000000000000000444e-01,-8.089562403850563896e-03,-1.846768556571489958e-02,4.274635811985865147e-07
8.040000000000000480e-01,-8.162792536763000678e-03,-1.814689910162050127e-02,4.221377065705066373e-07
8.080000000000000515e-01,-8.234733776119402410e-03,-1.782324726746918955e-02,4.166705819935232999e-07
8.120000000000000551e-01,-8.305374762498419355e-03,-1.749678116743449280e-02,4.110624134099097838e-07
8.160000000000000586e-01,-8.374704341786833386e-03,-1.716755235005820723e-02,4.053134409125685803e-07
8.200000000000000622e-01,-8.442711566940775889e-03,-1.683561280011145259e-02,3.994239388186032961e-07
8.240000000000000657e-01,-8.509385699714254805e-03,-1.650101493038621386e-02,3.933942157147077606e-07
8.280000000000000693e-01,-8.574716212354701120e-03,-1.616381157341921851e-02,3.872246145114012812e-07
8.320000000000000728e-01,-8.638692789265293645e-03,-1.582405597315003631e-02,3.809155124889316347e-07
8.359999999999999654e-01,-8.701305328633772429e-03,-1.548180177651393985e-02,3.744673213224960028e-07
8.399999999999999689e-01,-8.762543944027501377e-03,-1.513710302497139719e-02,3.678804871212699741e-07
8.439999999999999725e-01,-8.822398965954526828e-03,-1.479001414597470171e-02,3.611554904404088891e-07
8.479999999999999760e-01,-8.880860943390373602e-03,-1.444058994437381373e-02,3.542928462944783416e-07
8.519999999999999796e-01,-8.937920645270349546e-03,-1.408888559376271325e-02,3.472931041631988091e-07
8.559999999999999831e-01,-8.993569061947113974e-03,-1.373495662776764645e-02,3.401568479903017352e-07
8.599999999999999867e-01,-9.047797406613293167e-03,-1.337885893127857898e-02,3.328846961702116827e-07
8.639999999999999902e-01,-9.100597116688901797e-03,-1.302064873162506534e-02,3.254773015396116863e-07
8.679999999999999938e-01,-9.151959855173362121e-03,-1.266038258969786300e-02,3.179353513382532608e-07
8.719999999999999973e-01,-9.201877511961909298e-03,-1.229811739101846317e-02,3.102595671890450396e-07
8.760000000000000009e-01,-9.250342205126162523e-03,-1.193391033675669961e-02,3.024507050508656270e-07
8.800000000000000044e-01,-9.297346282158669428e-03,-1.156781893469857256e-02,2.945095551781252404e-07
8.840000000000000080e-01,-9.342882321181231187e-03,-1.119990099016604512e-02,2.864369420577518584e-07
8.880000000000000115e-01,-9.386943132116801897e-03,-1.083021459688893878e-02,2.782337243519065942e-07
8.920000000000000151e-01,-9.429521757824790504e-03,-1.045881812783290218e-02,2.699007948280963840e-07
8.960000000000000187e-01,-9.470611475199584850e-03,-1.008577022598223377e-02,2.614390802780346358e-07
9.000000000000000222e-01,-9.510205796232122644e-03,-9.711129795080394519e-03,2.528495414393248284e-07
9.040000000000000258e-01,-9.548298469034339347e-03,-9.334955990328868206e-03,2.441331728959645269e-07
9.080000000000000293e-01,-9.584883478826331654e-03,-8.957308209046993888e-03,2.352910029828243920e-07
9.120000000000000329e-01,-9.619955048886082161e-03,-8.578246081292855568e-03,2.263240936752195952e-07
9.160000000000000364e-01,-9.653507641461597788e-03,-8.197829460447702762e-03,2.172335404779145413e-07
9.200000000000000400e-01,-9.685535958645311028e-03,-7.816118413765352213e-03,2.080204722994476908e-07
9.240000000000000435e-01,-9.716034943210612174e-03,-7.433173212887543915e-03,1.986860513244067461e-07
9.280000000000000471e-01,-9.744999779410378968e-03,-7.049054324327154453e-03,1.892314728727928343e-07
9.320000000000000506e-01,-9.772425893737375288e-03,-6.663822399921045733e-03,1.796579652583568397e-07
9.360000000000000542e-01,-9.798308955646402654e-03,-6.277538267252628923e-03,1.699667896370910185e-07
9.400000000000000577e-01,-9.822644878238088323e-03,-5.890262920047732720e-03,1.601592398454022154e-07
9.440000000000000613e-01,-9.845429818904197217e-03,-5.502057508543416880e-03,1.502366422328848223e-07
9.480000000000000648e-01,-9.866660179934379216e-03,-5.112983329832754623e-03,1.402003554896887145e-07
9.520000000000000684e-01,-9.886332609084240788e-03,-4.723101818185934317e-03,1.300517704633513925e-07
9.560000000000000719e-01,-9.904444000104657697e-03,-4.332474535350159389e-03,1.197923099735339571e-07
9.599999999999999645e-01,-9.920991493232250713e-03,-3.941163160828320411e-03,1.094234286088941909e-07
9.639999999999999680e-01,-9.935972475640935872e-03,-3.549229482140793535e-03,9.894661253060891505e-08
9.679999999999999716e-01,-9.949384581854488555e-03,-3.156735385068568100e-03,8.836337925583758678e-08
9.719999999999999751e-01,-9.961225694120043328e-03,-2.763742843881995554e-03,7.767527744348119703e-08
9.759999999999999787e-01,-9.971493942742489652e-03,-2.370313911555044749e-03,6.688388666730720881e-08
9.799999999999999822e-01,-9.980187706379690590e-03,-1.976510709967447578e-03,5.599081718502498311e-08
9.839999999999999858e-01,-9.987305612298495033e-03,-1.582395420095608586e-03,4.499770969672420473e-08
9.879999999999999893e-01,-9.992846536591486195e-03,-1.188030272194041470e-03,3.390623509974756417e-08
9.919999999999999929e-01,-9.996809604354445558e-03,-7.934775359696246994e-04,2.271809423539110673e-08
9.959999999999999964e-01,-9.999194189824502782e-03,-3.987995107491102971e-04,1.143501762715138980e-08
1.000000000000000000e+00,-9.999999916478938614e-03,-4.058515642522421939e-06,5.876521353655592943e-11
1.004000000000000004e+00,-9.999226657094639065e-03,3.906831202980682325e-04,1.140887392606915051e-08
1.008000000000000007e+00,-9.996874533768181775e-03,7.853630679188980130e-04,2.296608185270353967e-08
1.012000000000000011e+00,-9.992943917896559766e-03,1.179919007806759122e-03,3.461101205560285765e-08
1.016000000000000014e+00,-9.987435430118537377e-03,1.574288640129182159e-03,4.634178974864261379e-08
1.020000000000000018e+00,-9.980349940216648799e-03,1.968409694471266475e-03,5.815651217128093359e-08
1.024000000000000021e+00,-9.971688566979866955e-03,2.362219939668093807e-03,7.005324889637903370e-08
1.028000000000000025e+00,-9.961452678026946200e-03,2.755657193631155712e-03,8.203004214558687897e-08
1.032000000000000028e+00,-9.949643889590475271e-03,3.148659333166766577e-03,9.408490711224800402e-08
1.036000000000000032e+00,-9.936264066261678643e-03,3.541164303785379087e-03,1.062158322876159688e-07
1.040000000000000036e+00,-9.921315320695997531e-03,3.933110129499837147e-03,1.184207797957146665e-07
1.044000000000000039e+00,-9.904800013279504295e-03,4.324434922610933228e-03,1.306976857378803565e-07
1.048000000000000043e+00,-9.886720751756204045e-03,4.715076893479547629e-03,1.430444605334105494e-07
1.052000000000000046e+00,-9.867080390816275470e-03,5.104974360283179129e-03,1.554589892822820436e-07
1.056000000000000050e+00,-9.845882031645316820e-03,5.494065758755534330e-03,1.679391321165147634e-07
1.060000000000000053e+00,-9.823129021434673369e-03,5.882289651907830416e-03,1.804827245716981581e-07
1.064000000000000057e+00,-9.798824952852920947e-03,6.269584739728746928e-03,1.930875779579072199e-07
1.068000000000000060e+00,-9.772973663478588813e-03,6.655889868864216588e-03,2.057514797388891186e-07
1.072000000000000064e+00,-9.745579235194212070e-03,7.041144042272942140e-03,2.184721939160077247e-07
1.076000000000000068e+00,-9.716645993541809037e-03,7.425286428858171757e-03,2.312474614165083190e-07
1.080000000000000071e+00,-9.686178507039878982e-03,7.808256373073101456e-03,2.440750004932653158e-07
1.084000000000000075e+00,-9.654181586462045120e-03,8.189993404497702273e-03,2.569525071252792663e-07
1.088000000000000078e+00,-9.620660284077436550e-03,8.570437247387145685e-03,2.698776554255386015e-07
1.092000000000000082e+00,-9.585619892852946175e-03,8.949527830189398653e-03,2.828480980549261203e-07
1.096000000000000085e+00,-9.549065945617470422e-03,9.327205295030309082e-03,2.958614666384906574e-07
1.100000000000000089e+00,-9.511004214188293823e-03,9.703410007164974330e-03,3.089153721951601331e-07
1.104000000000000092e+00,-9.471440708459717348e-03,1.007808256439414463e-02,3.220074055622721365e-07
1.108000000000000096e+00,-9.430381675454112614e-03,1.045116380644325015e-02,3.351351378372905433e-07
1.112000000000000099e+00,-9.387833598335523430e-03,1.082259482430442989e-02,3.482961208095080867e-07
1.116000000000000103e+00,-9.343803195385981183e-03,1.119231696953787436e-02,3.614878874160509381e-07
1.120000000000000107e+00,-9.298297418944698883e-03,1.156027186353273707e-02,3.747079521837473674e-07
1.124000000000000110e+00,-9.251323454310305186e-03,1.192640140672462067e-02,3.879538116900225628e-07
1.128000000000000114e+00,-9.202888718606297078e-03,1.229064778776940009e-02,4.012229450273982646e-07
1.132000000000000117e+00,-9.153000859609882953e-03,1.265295349267185794e-02,4.145128142599423555e-07
1.136000000000000121e+00,-9.101667754544415581e-03,1.301326131386646226e-02,4.278208649002532842e-07
1.140000000000000124e+00,-9.048897508835583234e-03,1.337151435925090087e-02,4.411445263842880998e-07
1.144000000000000128e+00,-8.994698454831577539e-03,1.372765606116878312e-02,4.544812125513649596e-07
1.148000000000000131e+00,-8.939079150487428890e-03,1.408163018534195655e-02,4.678283221266152017e-07
1.152000000000000135e+00,-8.882048378013715842e-03,1.443338083974990242e-02,4.811832392119747811e-07
1.155999999999999917e+00,-8.823615142489865323e-03,1.478285248345492797e-02,4.945433337750669637e-07
1.159999999999999920e+00,-8.763788670442262257e-03,1.512998993537196385e-02,5.079059621612286615e-07
1.163999999999999924e+00,-8.702578408387399295e-03,1.547473838298152500e-02,5.212684675725990959e-07
1.167999999999999927e+00,-8.639994021340276567e-03,1.581704339098469192e-02,5.346281805913533844e-07
1.171999999999999931e+00,-8.576045391288316874e-03,1.615685090989803924e-02,5.479824196863595331e-07
1.175999999999999934e+00,-8.510742615631011407e-03,1.649410728458818726e-02,5.613284917197205500e-07
1.179999999999999938e+00,-8.444096005585551012e-03,1.682875926274412029e-02,5.746636924735582117e-07
1.183999999999999941e+00,-8.376116084558701477e-03,1.716075400328548675e-02,5.879853071642884814e-07
1.187999999999999945e+00,-8.306813586485174358e-03,1.749003908470578988e-02,6.012906109698008394e-07
1.191999999999999948e+00,-8.236199454132751840e-03,1.781656251334995042e-02,6.145768695633713137e-07
1.195999999999999952e+00,-8.164284837374437970e-03,1.814027273162411788e-02,6.278413396362768323e-07
1.199999999999999956e+00,-8.091081091427912084e-03,1.846111862613606866e-02,6.410812694360653906e-07
1.203999999999999959e+00,-8.016599775062555056e-03,1.877904953576667313e-02,6.542938993055518096e-07
1.207999999999999963e+00,-7.940852648774332848e-03,1.909401525966849394e-02,6.674764622301955195e-07
1.211999999999999966e+00,-7.863851672928835745e-03,1.940596606519300743e-02,6.806261843717162815e-07
1.215999999999999970e+00,-7.785609005872748227e-03,1.971485269574336369e-02,6.937402856195314833e-07
1.219999999999999973e+00,-7.706137002014065186e-03,2.002062637855159602e-02,7.068159801452504816e-07
1.223999999999999977e+00,-7.625448209871347680e-03,2.032323883237976275e-02,7.198504769470071972e-07
1.227999999999999980e+00,-7.543555370092327843e-03,2.062264227514351914e-02,7.328409804178189043e-07
1.231999999999999984e+00,-7.460471413442182169e-03,2.091878943145663097e-02,7.457846908887173092e-07
1.235999999999999988e+00,-7.376209458761780191e-03,2.121163354009602056e-02,7.586788051972821470e-07
1.239999999999999991e+00,-7.290782810896237302e-03,2.150112836138530145e-02,7.715205172493997841e-07
1.243999999999999995e+00,-7.204204958594098707e-03,2.178722818449604220e-02,7.843070185824176268e-07
1.247999999999999998e+00,-7.116489572377484099e-03,2.206988783466542689e-02,7.970354989352890916e-07
1.252000000000000002e+00,-7.027650502383530479e-03,2.234906268032912924e-02,8.097031468111363606e-07
1.256000000000000005e+00,-6.937701776177475702e-03,2.262470864016850880e-02,8.223071500541869683e-07
1.260000000000000009e+00,-6.846657596537725383e-03,2.289678219007098073e-02,8.348446964135609426e-07
1.264000000000000012e+00,-6.754532339213255299e-03,2.316524037000238997e-02,8.473129741331703844e-07
1.268000000000000016e+00,-6.661340550653698823e-03,2.343004079079038376e-02,8.597091725070878421e-07
1.272000000000000020e+00,-6.567096945712486318e-03,2.369114164081760274e-02,8.720304824692681200e-07
1.276000000000000023e+00,-6.471816405323387728e-03,2.394850169262384768e-02,8.842740971681159251e-07
1.280000000000000027e+00,-6.375513974150833971e-03,2.420208030941612201e-02,8.964372125459857880e-07
1.284000000000000030e+00,-6.278204858214384877e-03,2.445183745148475293e-02,9.085170279185213637e-07
1.288000000000000034e+00,-6.179904422487718374e-03,2.469773368252566048e-02,9.205107465522891273e-07
1.292000000000000037e+00,-6.080628188472524294e-03,2.493973017586708849e-02,9.324155762662213172e-07
1.296000000000000041e+00,-5.980391831747680111e-03,2.517778872060019019e-02,9.442287299837983020e-07
1.300000000000000044e+00,-5.879211179494102379e-03,2.541187172761253527e-02,9.559474263358109901e-07
1.304000000000000048e+00,-5.777102207995654659e-03,2.564194223552355989e-02,9.675688902423959195e-07
1.308000000000000052e+00,-5.674081040116515234e-03,2.586796391652074895e-02,9.790903534940134619e-07
1.312000000000000055e+00,-5.570163942755399292e-03,2.608990108209593289e-02,9.905090553362540872e-07
1.316000000000000059e+00,-5.465367324277037135e-03,2.630771868868049188e-02,1.001822243055948423e-06
1.320000000000000062e+00,-5.359707731921315235e-03,2.652138234317844706e-02,1.013027172565861391e-06
1.324000000000000066e+00,-5.253201849190490373e-03,2.673085830839691188e-02,1.024121108986836990e-06
1.328000000000000069e+00,-5.145866493214890612e-03,2.693611350837319188e-02,1.035101327228038522e-06
1.332000000000000073e+00,-5.037718612097509888e-03,2.713711553359737100e-02,1.045965112594702989e-06
1.336000000000000076e+00,-4.928775282237931633e-03,2.733383264612974581e-02,1.056709761335579972e-06
1.340000000000000080e+00,-4.819053705635986500e-03,2.752623378461248674e-02,1.067332581249199272e-06
1.344000000000000083e+00,-4.708571207175580448e-03,2.771428856917422523e-02,1.077830892262161902e-06
1.348000000000000087e+00,-4.597345231889119095e-03,2.789796730622694579e-02,1.088202027008460652e-06
1.352000000000000091e+00,-4.485393342202961993e-03,2.807724099315436067e-02,1.098443331411045919e-06
1.356000000000000094e+00,-4.372733215164337044e-03,2.825208132289170129e-02,1.108552165261633101e-06
1.360000000000000098e+00,-4.259382639650164358e-03,2.842246068839458795e-02,1.118525902798329726e-06
1.364000000000000101e+00,-4.145359513558213686e-03,2.858835218699868133e-02,1.128361933278527036e-06
1.368000000000000105e+00,-4.030681840981055995e-03,2.874972962466738544e-02,1.138057661575857255e-06
1.372000000000000108e+00,-3.915367729363238535e-03,2.890656752012836159e-02,1.147610508722039293e-06
1.376000000000000112e+00,-3.799435386642146997e-03,2.905884110889666097e-02,1.157017912499880798e-06
1.380000000000000115e+00,-3.682903118372994524e-03,2.920652634718517646e-02,1.166277328012127057e-06
1.384000000000000119e+00,-3.565789324838400734e-03,2.934959991570115084e-02,1.175386228247333218e-06
1.388000000000000123e+00,-3.448112498143012222e-03,2.948803922332779090e-02,1.184342104648408683e-06
1.392000000000000126e+00,-3.329891219293626414e-03,2.962182241069154578e-02,1.193142467677780999e-06
1.396000000000000130e+00,-3.211144155265276742e-03,2.975092835361357879e-02,1.201784847380612626e-06
1.400000000000000133e+00,-3.091890056053743594e-03,2.987533666644537692e-02,1.210266793938919727e-06
1.404000000000000137e+00,-2.972147751714956411e-03,2.999502770528768639e-02,1.218585878252605644e-06
1.407999999999999918e+00,-2.851936149391753536e-03,3.010998257109237172e-02,1.226739692455916575e-06
1.411999999999999922e+00,-2.731274230328471254e-03,3.022018311264648704e-02,1.234725850516005457e-06
1.415999999999999925e+00,-2.610181046873829517e-03,3.032561192943842784e-02,1.242541988741938412e-06
1.419999999999999929e+00,-2.488675719472594437e-03,3.042625237440516051e-02,1.250185766356759630e-06
1.423999999999999932e+00,-2.366777433646485504e-03,3.052208855656085226e-02,1.257654866034258894e-06
1.427999999999999936e+00,-2.244505436964809759e-03,3.061310534350594748e-02,1.264946994441847282e-06
1.431999999999999940e+00,-2.121879036005297394e-03,3.069928836381667636e-02,1.272059882777717507e-06
1.435999999999999943e+00,-1.998917593305619272e-03,3.078062400931434739e-02,1.278991287305534105e-06
1.439999999999999947e+00,-1.875640524306070814e-03,3.085709943721398965e-02,1.285738989885744798e-06
1.443999999999999950e+00,-1.752067294283898629e-03,3.092870257215231747e-02,1.292300798503659800e-06
1.447999999999999954e+00,-1.628217415279762130e-03,3.099542210809421230e-02,1.298674547786952105e-06
1.451999999999999957e+00,-1.504110443016808693e-03,3.105724751011790588e-02,1.304858099550412106e-06
1.455999999999999961e+00,-1.379765973812853734e-03,3.111416901607856264e-02,1.310849343275521356e-06
1.459999999999999964e+00,-1.255203641486148363e-03,3.116617763814967176e-02,1.316646196647467213e-06
1.463999999999999968e+00,-1.130443114255227314e-03,3.121326516424235975e-02,1.322246606057051370e-06
1.467999999999999972e+00,-1.005504091633323922e-03,3.125542415930200602e-02,1.327648547104912472e-06
1.471999999999999975e+00,-8.804063013178442922e-04,3.129264796648227598e-02,1.332850025101164598e-06
1.475999999999999979e+00,-7.551694960753913563e-04,3.132493070819607900e-02,1.337849075560297007e-06
1.479999999999999982e+00,-6.298134506228307257e-04,3.135226728704356564e-02,1.342643764692412595e-06
1.483999999999999986e+00,-5.043579585048908916e-04,3.137465338661696995e-02,1.347232189882810111e-06
1.487999999999999989e+00,-3.788228289687907055e-04,3.139208547218218237e-02,1.351612480198146061e-06
1.491999999999999993e+00,-2.532278838363872359e-04,3.140456079123699756e-02,1.355782796825562421e-06
1.495999999999999996e+00,-1.275929543743373922e-04,3.141207737394585003e-02,1.359741333569223495e-06
1.500000000000000000e+00,-1.937878162767850496e-06,3.141463403345093330e-02,1.363486317310353477e-06
1.504000000000000004e+00,1.237175040370517556e-04,3.141223036605952229e-02,1.367016008468626953e-06
1.508000000000000007e+00,2.493533514155377379e-04,3.140486675130760297e-02,1.370328701458062357e-06
1.512000000000000011e+00,3.749498262476283852e-04,3.139254435189980930e-02,1.373422725137762508e-06
1.516000000000000014e+00,5.004870970251320498e-04,3.137526511352574377e-02,1.376296443257009672e-06
1.520000000000000018e+00,6.259453415880943290e-04,3.135303176455276480e-02,1.378948254888562088e-06
1.524000000000000021e+00,7.513047502546882925e-04,3.132584781559535902e-02,1.381376594887832650e-06
1.528000000000000025e+00,8.765455289491362861e-04,3.129371755896095258e-02,1.383579934283090724e-06
1.532000000000000028e+00,1.001647902327167453e-03,3.125664606797229350e-02,1.385556780723410229e-06
1.536000000000000032e+00,1.126592116898518037e-03,3.121463919616634941e-02,1.387305678888095296e-06
1.540000000000000036e+00,1.251358444145980351e-03,3.116770357636991506e-02,1.388825210897595432e-06
1.544000000000000039e+00,1.375927183640508061e-03,3.111584661965210996e-02,1.390113996717468447e-06
1.548000000000000043e+00,1.500278666151886328e-03,3.105907651415412002e-02,1.391170694555943205e-06
1.552000000000000046e+00,1.624393256754474253e-03,3.099740222379623183e-02,1.391994001256210017e-06
1.556000000000000050e+00,1.748251357927532376e-03,3.093083348686258630e-02,1.392582652674906937e-06
1.560000000000000053e+00,1.871833412649642802e-03,3.085938081446363418e-02,1.392935424085719524e-06
1.564000000000000057e+00,1.995119907486736857e-03,3.078305548887659907e-02,1.393051130514570841e-06
1.568000000000000060e+00,2.118091375673238942e-03,3.070186956176405510e-02,1.392928627129746616e-06
1.572000000000000064e+00,2.240728400185844089e-03,3.061583585227095616e-02,1.392566809593791484e-06
1.576000000000000068e+00,2.363011616809437224e-03,3.052496794500022051e-02,1.391964614416064847e-06
1.580000000000000071e+00,2.484921717194675788e-03,3.042928018786772437e-02,1.391121019297436489e-06
1.584000000000000075e+00,2.606439451906751494e-03,3.032878768983677392e-02,1.390035043467872191e-06
1.588000000000000078e+00,2.727545633464847474e-03,3.022350631853239211e-02,1.388705748017991225e-06
1.592000000000000082e+00,2.848221139371815043e-03,3.011345269773602756e-02,1.387132236220913888e-06
1.596000000000000085e+00,2.968446915133589586e-03,2.999864420476084509e-02,1.385313653844608922e-06
1.600000000000000089e+00,3.088203977267868494e-03,2.987909896770782336e-02,1.383249189483714230e-06
1.604000000000000092e+00,3.207473416301578895e-03,2.975483586260344385e-02,1.380938074826233025e-06
1.608000000000000096e+00,3.326236399756655505e-03,2.962587451041883910e-02,1.378379584969513764e-06
1.612000000000000099e+00,3.444474175123663287e-03,2.949223527397179176e-02,1.375573038703089476e-06
1.616000000000000103e+00,3.562168072822792173e-03,2.935393925471123724e-02,1.372517798786877478e-06
1.620000000000000107e+00,3.679299509151756804e-03,2.921100828938552954e-02,1.369213272221526671e-06
1.624000000000000110e+00,3.795849989220135938e-03,2.906346494659450136e-02,1.365658910513160648e-06
1.628000000000000114e+00,3.911801109869691810e-03,2.891133252322611660e-02,1.361854209928125185e-06
1.632000000000000117e+00,4.027134562580202831e-03,2.875463504077782270e-02,1.357798711735179101e-06
1.636000000000000121e+00,4.141832136360352502e-03,2.859339724156367488e-02,1.353492002468099035e-06
1.640000000000000124e+00,4.255875720623221795e-03,2.842764458480752029e-02,1.348933714123261951e-06
1.644000000000000128e+00,4.369247308045926155e-03,2.825740324262285622e-02,1.344123524406753658e-06
1.648000000000000131e+00,4.481928997412944378e-03,2.808270009588005947e-02,1.339061156941637355e-06
1.652000000000000135e+00,4.593902996442695251e-03,2.790356272996212181e-02,1.333746381479068537e-06
1.656000000000000139e+00,4.705151624596913551e-03,2.772001943040895353e-02,1.328179014092648406e-06
1.660000000000000142e+00,4.815657315872382167e-03,2.753209917845154259e-02,1.322358917373395396e-06
1.664000000000000146e+00,4.925402621574583202e-03,2.733983164643570551e-02,1.316286000609149076e-06
1.667999999999999927e+00,5.034370213072818755e-03,2.714324719313673459e-02,1.309960219953458149e-06
1.671999999999999931e+00,5.142542884536381587e-03,2.694237685896571852e-02,1.303381578613782912e-06
1.675999999999999934e+00,5.249903555651327242e-03,2.673725236106839348e-02,1.296550126967860854e-06
1.679999999999999938e+00,5.356435274317436490e-03,2.652790608831680566e-02,1.289465962758742344e-06
1.683999999999999941e+00,5.462121219324923144e-03,2.631437109619526662e-02,1.282129231192116836e-06
1.687999999999999945e+00,5.566944703010481312e-03,2.609668110158092080e-02,1.274540125092055971e-06
1.691999999999999948e+00,5.670889173892245359e-03,2.587487047742018792e-02,1.266698885015469110e-06
1.695999999999999952e+00,5.773938219283244501e-03,2.564897424730130937e-02,1.258605799367144816e-06
1.699999999999999956e+00,5.876075567882944363e-03,2.541902807992407060e-02,1.250261204504106365e-06
1.703999999999999959e+00,5.977285092346462658e-03,2.518506828346785131e-02,1.241665484829537962e-06
1.707999999999999963e+00,6.077550811831055645e-03,2.494713179985829157e-02,1.232819072879042342e-06
1.711999999999999966e+00,6.176856894519470315e-03,2.470525619893431529e-02,1.223722449402284791e-06
1.715999999999999970e+00,6.275187660119762451e-03,2.445947967251568822e-02,1.214376143422154799e-06
1.719999999999999973e+00,6.372527582341197191e-03,2.420984102837298729e-02,1.204780732318397224e-06
1.723999999999999977e+00,6.468861291345826166e-03,2.395637968409982874e-02,1.194936841843924449e-06
1.727999999999999980e+00,6.564173576175363033e-03,2.369913566088884677e-02,1.184845146190701785e-06
1.731999999999999984e+00,6.658449387152974921e-03,2.343814957721258516e-02,1.174506368015193396e-06
1.735999999999999988e+00,6.751673838259604661e-03,2.317346264240982556e-02,1.163921278462203737e-06
1.739999999999999991e+00,6.843832209484452568e-03,2.290511665017858772e-02,1.153090697178025201e-06
1.743999999999999995e+00,6.934909949149247431e-03,2.263315397197679033e-02,1.142015492318668311e-06
1.747999999999999998e+00,7.024892676205932857e-03,2.235761755033172440e-02,1.130696580540673110e-06
1.752000000000000002e+00,7.113766182507414229e-03,2.207855089205999766e-02,1.119134926988823369e-06
1.756000000000000005e+00,7.201516435051008927e-03,2.179599806139759580e-02,1.107331545287878490e-06
1.760000000000000009e+00,7.288129578194232905e-03,2.151000367304235772e-02,1.095287497483017768e-06
1.764000000000000012e+00,7.373591935842593176e-03,2.122061288510944041e-02,1.083003894022200721e-06
1.768000000000000016e+00,7.457890013609020166e-03,2.092787139200070340e-02,1.070481893694208747e-06
1.772000000000000020e+00,7.541010500944614683e-03,2.063182541718969892e-02,1.057722703574598705e-06
1.776000000000000023e+00,7.622940273240364287e-03,2.033252170592294086e-02,1.044727578953011606e-06
1.780000000000000027e+00,7.703666393899500330e-03,2.003000751783883676e-02,1.031497823257419701e-06
1.784000000000000030e+00,7.783176116380168680e-03,1.972433061950563948e-02,1.018034787963615086e-06
1.788000000000000034e+00,7.861456886208088857e-03,1.941553927687910547e-02,1.004339872499090941e-06
1.792000000000000037e+00,7.938496342958891935e-03,1.910368224768169837e-02,9.904145241466121243e-07
1.796000000000000041e+00,8.014282322209813694e-03,1.878880877370336933e-02,9.762602379103596130e-07
1.800000000000000044e+00,8.088802857460435092e-03,1.847096857302642572e-02,9.618785564021409462e-07
1.804000000000000048e+00,8.162046182022182975e-03,1.815021183217531073e-02,9.472710697062227175e-07
1.808000000000000052e+00,8.234000730876269228e-03,1.782658919819205684e-02,9.324394152373453013e-07
1.812000000000000055e+00,8.304655142499794279e-03,1.750015177063909272e-02,9.173852775809084874e-07
1.816000000000000059e+00,8.373998260659709647e-03,1.717095109353080837e-02,9.021103883398132078e-07
1.820000000000000062e+00,8.442019136174379323e-03,1.683903914719494729e-02,8.866165259539744848e-07
1.824000000000000066e+00,8.508707028642434680e-03,1.650446834006497054e-02,8.709055155290385586e-07
1.828000000000000069e+00,8.574051408138673100e-03,1.616729150040472143e-02,8.549792286342269329e-07
1.832000000000000073e+00,8.638041956876714098e-03,1.582756186796691403e-02,8.388395831204137095e-07
1.836000000000000076e+00,8.700668570838168345e-03,1.548533308558679503e-02,8.224885428931524157e-07
1.840000000000000080e+00,8.761921361368043767e-03,1.514065919071170933e-02,8.059281177050551008e-07
1.844000000000000083e+00,8.821790656736151065e-03,1.479359460686851223e-02,7.891603629259355453e-07
1.848000000000000087e+00,8.880267003664257114e-03,1.444419413507084214e-02,7.721873793093870984e-07
1.852000000000000091e+00,8.937341168818743395e-03,1.409251294516601465e-02,7.550113127436626647e-07
1.856000000000000094e+00,8.993004140268540461e-03,1.373860656712338688e-02,7.376343539995940990e-07
1.860000000000000098e+00,9.047247128908095584e-03,1.338253088226668171e-02,7.200587384663506437e-07
1.864000000000000101e+00,9.100061569845161943e-03,1.302434211444987791e-02,7.022867458767254974e-07
1.868000000000000105e+00,9.151439123753180374e-03,1.266409682117972807e-02,6.843207000343366783e-07
1.872000000000000108e+00,9.201371678188052447e-03,1.230185188468582887e-02,6.661629685072387956e-07
1.876000000000000112e+00,9.249851348869081100e-03,1.193766450293812578e-02,6.478159623425461093e-07
1.880000000000000115e+00,9.296870480923884530e-03,1.157159218061612829e-02,6.292821357494827532e-07
1.884000000000000119e+00,9.342421650097092536e-03,1.120369272002875657e-02,6.105639857851141364e-07
1.888000000000000123e+00,9.386497663922629270e-03,1.083402421198794395e-02,5.916640520274676109e-07
1.892000000000000126e+00,9.429091562859388126e-03,1.046264502663528211e-02,5.725849162401128249e-07
1.896000000000000130e+00,9.470196621390137431e-03,1.008961380422617078e-02,5.533292020267710150e-07
1.900000000000000133e+00,9.509806349083467850e-03,9.714989445870609794e-03,5.338995744793360768e-07
1.904000000000000137e+00,9.547914491618625377e-03,9.338831104232118291e-03,5.142987398205859031e-07
1.908000000000000140e+00,9.584515031773058191e-03,8.961198174188193463e-03,4.945294450250476844e-07
1.912000000000000144e+00,9.619602190372526437e-03,8.582150283451862871e-03,4.745944774483313670e-07
1.916000000000000147e+00,9.653170427203627488e-03,8.201747283156105017e-03,4.544966644337234543e-07
1.919999999999999929e+00,9.685214441888585768e-03,7.820049238404068112e-03,4.342388729207032015e-07
1.923999999999999932e+00,9.715729174722177036e-03,7.437116418784702788e-03,4.138240090420430824e-07
1.927999999999999936e+00,9.744709807470650076e-03,7.053009288856212228e-03,3.932550177027053543e-07
1.931999999999999940e+00,9.772151764132517432e-03,6.667788498598857527e-03,3.725348821688775536e-07
1.935999999999999943e+00,9.798050711661098963e-03,6.281514873838034245e-03,3.516666236320680594e-07
1.939999999999999947e+00,9.822402560648703720e-03,5.894249406640179705e-03,3.306533007736987596e-07
1.943999999999999950e+00,9.845203465972342596e-03,5.506053245682380158e-03,3.094980093201522913e-07
1.947999999999999954e+00,9.866449827400869399e-03,5.116987686597060381e-03,2.882038815866300810e-07
1.951999999999999957e+00,9.886138290163448000e-03,4.727114162293142609e-03,2.667740860227798904e-07
1.955999999999999961e+00,9.904265745479269231e-03,4.336494233256245681e-03,2.452118267307445514e-07
1.959999999999999964e+00,9.920829331048422114e-03,3.945189577828481231e-03,2.235203429973403488e-07
1.963999999999999968e+00,9.935826431503850045e-03,3.553261982469166184e-03,2.017029088065929739e-07
1.967999999999999972e+00,9.949254678824308654e-03,3.160773331998920077e-03,1.797628323434762731e-07
1.971999999999999975e+00,9.961111952708275041e-03,2.767785599828243535e-03,1.577034554966499622e-07
1.975999999999999979e+00,9.971396380908742474e-03,2.374360838172018609e-03,1.355281533482550487e-07
1.979999999999999982e+00,9.980106339528843282e-03,1.980561168251237202e-03,1.132403336598623337e-07
1.983999999999999986e+00,9.987240453278260072e-03,1.586448770484650975e-03,9.084343634667109851e-08
1.987999999999999989e+00,9.992797595690381882e-03,1.192085874669809517e-03,6.834093294855702704e-08
1.991999999999999993e+00,9.996776889300174052e-03,7.975347501581494906e-04,4.573632609221085685e-08
1.995999999999999996e+00,9.999177705782725384e-03,4.028576960217263741e-04,2.303314894524873298e-08
2.000000000000000000e+00,9.999999666052462183e-03,8.117031217200947144e-06,2.349646641514913434e-10
